节点ID,node_flow_reference,flow_group,node_history_q95
1520263927,1135.810546875,low_flow,1135.810546875
1520263943,2911.06640625,high_flow,2911.06640625
1520264111,1877.9951171875,mid_flow,1877.9951171875
1520264147,1395.2261962890625,low_flow,1395.2261962890625
1520264551,1910.6273193359375,mid_flow,1910.6273193359375
1520264567,1261.1761474609375,low_flow,1261.1761474609375
1520264591,1494.6832275390625,mid_flow,1494.6832275390625
1520264599,1210.288330078125,low_flow,1210.288330078125
1520264620,1499.9993896484375,mid_flow,1499.9993896484375
1520264624,4107.208984375,high_flow,4107.208984375
1520264629,1372.619384765625,low_flow,1372.619384765625
1520264641,3809.97412109375,high_flow,3809.97412109375
1520264643,1311.1087646484375,low_flow,1311.1087646484375
1520264680,2142.91064453125,mid_flow,2142.91064453125
1520264702,1483.830810546875,mid_flow,1483.830810546875
1520264720,2959.889892578125,high_flow,2959.889892578125
1520265324,2468.4140625,mid_flow,2468.4140625
1520265336,2977.787841796875,high_flow,2977.787841796875
1520265359,1446.58837890625,low_flow,1446.58837890625
1520265361,2930.522705078125,high_flow,2930.522705078125
1520265368,2924.815673828125,high_flow,2924.815673828125
1520265381,2705.852783203125,mid_flow,2705.852783203125
1520265390,2913.65087890625,high_flow,2913.65087890625
1520265412,2862.43212890625,mid_flow,2862.43212890625
1520265424,2996.885986328125,high_flow,2996.885986328125
1520265427,2819.07177734375,mid_flow,2819.07177734375
1520265428,2115.674560546875,mid_flow,2115.674560546875
1520265432,1486.1953125,mid_flow,1486.1953125
1520265445,4488.22802734375,high_flow,4488.22802734375
1520265446,1120.54833984375,low_flow,1120.54833984375
1520265451,1692.7254638671875,mid_flow,1692.7254638671875
1520265457,786.6740112304688,low_flow,786.6740112304688
1520265469,353.7325744628906,low_flow,353.7325744628906
1520265471,2788.142578125,mid_flow,2788.142578125
1520265478,1499.18994140625,mid_flow,1499.18994140625
1520265480,3721.593505859375,high_flow,3721.593505859375
1520265491,2935.785400390625,high_flow,2935.785400390625
1520265494,4466.4013671875,high_flow,4466.4013671875
1520265502,1277.1114501953125,low_flow,1277.1114501953125
1520265504,2992.056396484375,high_flow,2992.056396484375
1520265517,3913.209228515625,high_flow,3913.209228515625
1520265526,244.33763122558594,low_flow,244.33763122558594
1520265528,1495.7923583984375,mid_flow,1495.7923583984375
1520265532,0.0,low_flow,0.0
1520265537,4445.78271484375,high_flow,4445.78271484375
1520265552,1497.6007080078125,mid_flow,1497.6007080078125
1520266226,1705.5369873046875,mid_flow,1705.5369873046875
1520266261,1198.6741943359375,low_flow,1198.6741943359375
1520266271,244.33763122558594,low_flow,244.33763122558594
1520266294,1357.5914306640625,low_flow,1357.5914306640625
1520266303,1073.9212646484375,low_flow,1073.9212646484375
1520266311,1722.2222900390625,mid_flow,1722.2222900390625
1520266322,2999.991455078125,high_flow,2999.991455078125
1520266334,368.2231750488281,low_flow,368.2231750488281
1520266339,2589.476806640625,mid_flow,2589.476806640625
1520266344,1569.1387939453125,mid_flow,1569.1387939453125
1520266345,1806.0816650390625,mid_flow,1806.0816650390625
1520266352,1486.1953125,mid_flow,1486.1953125
1520266362,1445.380615234375,low_flow,1445.380615234375
1520266370,1692.7254638671875,mid_flow,1692.7254638671875
1520266384,2924.815673828125,high_flow,2924.815673828125
1520266392,2960.317138671875,high_flow,2960.317138671875
1520266419,1371.879150390625,low_flow,1371.879150390625
1520266421,2963.960693359375,high_flow,2963.960693359375
1520266422,1327.874267578125,low_flow,1327.874267578125
1520266425,0.0,low_flow,0.0
1520266431,0.0,low_flow,0.0
1520266433,1781.274169921875,mid_flow,1781.274169921875
1520266458,2238.4765625,mid_flow,2238.4765625
1520266472,0.0,low_flow,0.0
1520266493,2962.35302734375,high_flow,2962.35302734375
1520267116,1443.77734375,low_flow,1443.77734375
1520267136,1442.5938720703125,low_flow,1442.5938720703125
1520267145,1432.914306640625,low_flow,1432.914306640625
1520267174,2691.551025390625,mid_flow,2691.551025390625
1520267187,1497.20068359375,mid_flow,1497.20068359375
1520267190,1445.7747802734375,low_flow,1445.7747802734375
1520267193,1384.3768310546875,low_flow,1384.3768310546875
1520267213,1345.801025390625,low_flow,1345.801025390625
1520267235,1284.3502197265625,low_flow,1284.3502197265625
1520267249,1498.9705810546875,mid_flow,1498.9705810546875
1520267251,2767.457275390625,mid_flow,2767.457275390625
1520267254,1499.91357421875,mid_flow,1499.91357421875
1520267259,1499.969482421875,mid_flow,1499.969482421875
1520267262,1475.2098388671875,low_flow,1475.2098388671875
1520267290,1403.5517578125,low_flow,1403.5517578125
1520267299,2164.20361328125,mid_flow,2164.20361328125
1520267307,2974.828125,high_flow,2974.828125
1520267320,1337.3382568359375,low_flow,1337.3382568359375
1520268161,2918.156005859375,high_flow,2918.156005859375
1520268163,1420.9815673828125,low_flow,1420.9815673828125
1520268186,3679.78466796875,high_flow,3679.78466796875
1520269384,1304.42919921875,low_flow,1304.42919921875
1520269434,1421.681884765625,low_flow,1421.681884765625
1520269486,1446.58837890625,low_flow,1446.58837890625
1520269637,1288.6722412109375,low_flow,1288.6722412109375
1520269671,3809.97412109375,high_flow,3809.97412109375
1520269684,2959.889892578125,high_flow,2959.889892578125
1520269698,2999.68359375,high_flow,2999.68359375
1520269738,3916.365234375,high_flow,3916.365234375
1520270740,3679.78466796875,high_flow,3679.78466796875
1520270750,2918.156005859375,high_flow,2918.156005859375
1520271133,2801.330322265625,mid_flow,2801.330322265625
1520271140,4272.82421875,high_flow,4272.82421875
1520271142,2873.5322265625,high_flow,2873.5322265625
1520271148,1493.8096923828125,mid_flow,1493.8096923828125
1520271150,0.0,low_flow,0.0
1520271168,1781.274169921875,mid_flow,1781.274169921875
1520271191,2960.317138671875,high_flow,2960.317138671875
1520271192,2084.00439453125,mid_flow,2084.00439453125
1520271196,1340.7430419921875,low_flow,1340.7430419921875
1520271205,1446.00830078125,low_flow,1446.00830078125
1520271209,2000.3226318359375,mid_flow,2000.3226318359375
1520271212,2999.991455078125,high_flow,2999.991455078125
1520271217,1283.4000244140625,low_flow,1283.4000244140625
1520271218,837.9716186523438,low_flow,837.9716186523438
1520271223,1200.8514404296875,low_flow,1200.8514404296875
1520271224,1384.920166015625,low_flow,1384.920166015625
1520271250,1388.4283447265625,low_flow,1388.4283447265625
1520271269,0.0,low_flow,0.0
1520271272,2778.754638671875,mid_flow,2778.754638671875
1520271273,1403.3536376953125,low_flow,1403.3536376953125
1520271274,2964.31298828125,high_flow,2964.31298828125
1520271275,2880.7646484375,high_flow,2880.7646484375
1520271278,1322.70654296875,low_flow,1322.70654296875
1520271284,1345.2015380859375,low_flow,1345.2015380859375
1520271286,3668.823974609375,high_flow,3668.823974609375
1520271303,301.80035400390625,low_flow,301.80035400390625
1520271304,1447.5888671875,low_flow,1447.5888671875
1520271311,294.235107421875,low_flow,294.235107421875
1520271318,1486.0787353515625,mid_flow,1486.0787353515625
1520271319,1411.6719970703125,low_flow,1411.6719970703125
1520271320,1393.8802490234375,low_flow,1393.8802490234375
1520271321,1445.380615234375,low_flow,1445.380615234375
1520271324,2681.64599609375,mid_flow,2681.64599609375
1520271329,1109.8897705078125,low_flow,1109.8897705078125
1520271338,1151.90625,low_flow,1151.90625
1520271343,1365.1171875,low_flow,1365.1171875
1520271344,2729.5732421875,mid_flow,2729.5732421875
1520271346,1488.9681396484375,mid_flow,1488.9681396484375
1520271347,2164.1123046875,mid_flow,2164.1123046875
1520271348,1341.1990966796875,low_flow,1341.1990966796875
1520271355,2992.275146484375,high_flow,2992.275146484375
1520271358,1175.4061279296875,low_flow,1175.4061279296875
1520271359,1432.91552734375,low_flow,1432.91552734375
1520271382,2949.651611328125,high_flow,2949.651611328125
1520271383,1354.927001953125,low_flow,1354.927001953125
1520271384,1720.3946533203125,mid_flow,1720.3946533203125
1520271385,2805.361083984375,mid_flow,2805.361083984375
1520271386,2994.919189453125,high_flow,2994.919189453125
1520271391,1721.272705078125,mid_flow,1721.272705078125
1520271392,1464.1435546875,low_flow,1464.1435546875
1520271394,2204.339599609375,mid_flow,2204.339599609375
1520271405,2592.59716796875,mid_flow,2592.59716796875
1520271408,3856.851318359375,high_flow,3856.851318359375
1520271414,1497.199462890625,mid_flow,1497.199462890625
1520271415,1357.5914306640625,low_flow,1357.5914306640625
1520271420,1705.5369873046875,mid_flow,1705.5369873046875
1520271431,1462.369140625,low_flow,1462.369140625
1520271435,2992.538818359375,high_flow,2992.538818359375
1520271436,1870.647216796875,mid_flow,1870.647216796875
1520271437,2847.77783203125,mid_flow,2847.77783203125
1520271444,2851.115234375,mid_flow,2851.115234375
1520271446,2723.576171875,mid_flow,2723.576171875
1520271448,3420.02685546875,high_flow,3420.02685546875
1520271452,713.0232543945312,low_flow,713.0232543945312
1520271456,1239.314697265625,low_flow,1239.314697265625
1520271488,0.0,low_flow,0.0
1520271491,2999.643798828125,high_flow,2999.643798828125
1520271493,1370.642822265625,low_flow,1370.642822265625
1520271495,1373.8829345703125,low_flow,1373.8829345703125
1520271497,1479.8018798828125,mid_flow,1479.8018798828125
1520271500,1576.6839599609375,mid_flow,1576.6839599609375
1520271507,0.0,low_flow,0.0
1520271508,2988.447265625,high_flow,2988.447265625
1520271516,2903.01123046875,high_flow,2903.01123046875
1520271529,2589.476806640625,mid_flow,2589.476806640625
1520271530,1371.879150390625,low_flow,1371.879150390625
1520271531,1624.0660400390625,mid_flow,1624.0660400390625
1520271537,1438.9208984375,low_flow,1438.9208984375
1520271546,1360.6436767578125,low_flow,1360.6436767578125
1520271547,1499.9991455078125,mid_flow,1499.9991455078125
1520271554,2905.449951171875,high_flow,2905.449951171875
1520271556,1424.339111328125,low_flow,1424.339111328125
1520271561,2562.694091796875,mid_flow,2562.694091796875
1520271564,1289.33935546875,low_flow,1289.33935546875
1520271568,1819.1942138671875,mid_flow,1819.1942138671875
1520271700,2970.928466796875,high_flow,2970.928466796875
1520271716,743.8814086914062,low_flow,743.8814086914062
1520271743,2291.622314453125,mid_flow,2291.622314453125
1520271767,917.7994995117188,low_flow,917.7994995117188
1520271769,1497.5340576171875,mid_flow,1497.5340576171875
1520271774,2818.349609375,mid_flow,2818.349609375
1520271779,1955.794921875,mid_flow,1955.794921875
1520271826,1345.2015380859375,low_flow,1345.2015380859375
1520271827,1360.6436767578125,low_flow,1360.6436767578125
1520271828,1411.6719970703125,low_flow,1411.6719970703125
1520271833,0.0,low_flow,0.0
1520271834,1388.4283447265625,low_flow,1388.4283447265625
1520271835,0.0,low_flow,0.0
1520271838,2801.330322265625,mid_flow,2801.330322265625
1520271839,1373.6104736328125,low_flow,1373.6104736328125
1520271840,4272.353515625,high_flow,4272.353515625
1520271841,1499.2880859375,mid_flow,1499.2880859375
1520271843,294.235107421875,low_flow,294.235107421875
1520271844,2977.048095703125,high_flow,2977.048095703125
1520271848,3668.823974609375,high_flow,3668.823974609375
1520271849,1721.272705078125,mid_flow,1721.272705078125
1520271851,1897.0079345703125,mid_flow,1897.0079345703125
1520271854,2846.970703125,mid_flow,2846.970703125
1520271860,1483.830810546875,mid_flow,1483.830810546875
1520271870,2734.939208984375,mid_flow,2734.939208984375
1520271882,2970.928466796875,high_flow,2970.928466796875
1520271884,2214.2470703125,mid_flow,2214.2470703125
1520271885,1918.88330078125,mid_flow,1918.88330078125
1520271912,1499.9393310546875,mid_flow,1499.9393310546875
1520271916,1429.9490966796875,low_flow,1429.9490966796875
1520271917,1286.006591796875,low_flow,1286.006591796875
1520271920,687.9783325195312,low_flow,687.9783325195312
1520271923,1013.7376708984375,low_flow,1013.7376708984375
1520271924,2994.919189453125,high_flow,2994.919189453125
1520271939,2176.1171875,mid_flow,2176.1171875
1520271941,1982.1898193359375,mid_flow,1982.1898193359375
1520271944,1410.12109375,low_flow,1410.12109375
1520271948,2723.576171875,mid_flow,2723.576171875
1520271949,2592.59716796875,mid_flow,2592.59716796875
1520271952,1389.6248779296875,low_flow,1389.6248779296875
1520271953,1141.8865966796875,low_flow,1141.8865966796875
1520271958,1191.6336669921875,low_flow,1191.6336669921875
1520271960,1466.20703125,low_flow,1466.20703125
1520271961,1498.8994140625,mid_flow,1498.8994140625
1520271975,2661.3232421875,mid_flow,2661.3232421875
1520272001,1349.598388671875,low_flow,1349.598388671875
1520272012,3856.851318359375,high_flow,3856.851318359375
1520272013,2681.64599609375,mid_flow,2681.64599609375
1520272017,2949.651611328125,high_flow,2949.651611328125
1520272023,1373.8343505859375,low_flow,1373.8343505859375
1520272024,3420.02685546875,high_flow,3420.02685546875
1520272025,2873.5322265625,high_flow,2873.5322265625
1520272026,2729.5732421875,mid_flow,2729.5732421875
1520272027,1477.7646484375,low_flow,1477.7646484375
1520272028,1393.576904296875,low_flow,1393.576904296875
1520272029,1493.83642578125,mid_flow,1493.83642578125
1520272031,1394.50390625,low_flow,1394.50390625
1520272032,2851.115234375,mid_flow,2851.115234375
1520272034,2204.339599609375,mid_flow,2204.339599609375
1520272040,3919.3955078125,high_flow,3919.3955078125
1520272049,2344.70068359375,mid_flow,2344.70068359375
1520272051,4107.208984375,high_flow,4107.208984375
1520272061,2709.6962890625,mid_flow,2709.6962890625
1520272064,2810.900390625,mid_flow,2810.900390625
1520272072,1572.990966796875,mid_flow,1572.990966796875
1520272075,1378.481201171875,low_flow,1378.481201171875
1520272100,2864.804931640625,mid_flow,2864.804931640625
1520272112,1198.8489990234375,low_flow,1198.8489990234375
1520272113,1494.2142333984375,mid_flow,1494.2142333984375
1520272119,1492.401611328125,mid_flow,1492.401611328125
1520272122,1910.6273193359375,mid_flow,1910.6273193359375
1520272126,2999.643798828125,high_flow,2999.643798828125
1520272129,1513.53369140625,mid_flow,1513.53369140625
1520272130,925.0404663085938,low_flow,925.0404663085938
1520272136,1432.91552734375,low_flow,1432.91552734375
1520272138,1341.1990966796875,low_flow,1341.1990966796875
1520272140,2953.61572265625,high_flow,2953.61572265625
1520272142,4272.82421875,high_flow,4272.82421875
1520272143,1499.8251953125,mid_flow,1499.8251953125
1520272151,2570.05029296875,mid_flow,2570.05029296875
1520272152,2847.77783203125,mid_flow,2847.77783203125
1520272154,1185.4986572265625,low_flow,1185.4986572265625
1520272161,1399.219482421875,low_flow,1399.219482421875
1520272163,1577.034912109375,mid_flow,1577.034912109375
1520272173,1369.6927490234375,low_flow,1369.6927490234375
1520272174,2754.947265625,mid_flow,2754.947265625
1520272175,2754.947265625,mid_flow,2754.947265625
1520272180,2818.349609375,mid_flow,2818.349609375
1520272209,1499.1881103515625,mid_flow,1499.1881103515625
1520274170,1488.86572265625,mid_flow,1488.86572265625
1520274180,1321.9918212890625,low_flow,1321.9918212890625
1520274206,7150.912109375,high_flow,7150.912109375
1520274216,2982.341796875,high_flow,2982.341796875
1520274225,2125.251953125,mid_flow,2125.251953125
1520274251,2823.779541015625,mid_flow,2823.779541015625
1520274273,1489.3653564453125,mid_flow,1489.3653564453125
1520274279,1489.3653564453125,mid_flow,1489.3653564453125
1520274282,3268.3076171875,high_flow,3268.3076171875
1520274308,2949.53076171875,high_flow,2949.53076171875
1520274310,2972.40673828125,high_flow,2972.40673828125
1520274318,1486.21923828125,mid_flow,1486.21923828125
1520274322,1486.786376953125,mid_flow,1486.786376953125
1520274323,1486.21923828125,mid_flow,1486.21923828125
1520274324,1486.786376953125,mid_flow,1486.786376953125
1520274340,1244.428955078125,low_flow,1244.428955078125
1520274343,5122.2470703125,high_flow,5122.2470703125
1520274345,4177.802734375,high_flow,4177.802734375
1520274366,1459.982177734375,low_flow,1459.982177734375
1520274387,5182.39208984375,high_flow,5182.39208984375
1520274397,1408.323974609375,low_flow,1408.323974609375
1520274432,1492.2579345703125,mid_flow,1492.2579345703125
1520274439,1405.158447265625,low_flow,1405.158447265625
1520274446,1273.1414794921875,low_flow,1273.1414794921875
1520274448,1391.32373046875,low_flow,1391.32373046875
1520274464,1493.914306640625,mid_flow,1493.914306640625
1520274796,4111.888671875,high_flow,4111.888671875
1520274834,1982.36181640625,mid_flow,1982.36181640625
1520274856,902.0723266601562,low_flow,902.0723266601562
1520274861,3295.7939453125,high_flow,3295.7939453125
1520274892,1876.377197265625,mid_flow,1876.377197265625
1520274908,0.0,low_flow,0.0
1520275256,2131.318115234375,mid_flow,2131.318115234375
1520275536,699.5443725585938,low_flow,699.5443725585938
1520275548,1485.72509765625,mid_flow,1485.72509765625
1520275557,1306.765869140625,low_flow,1306.765869140625
1520275573,2511.109375,mid_flow,2511.109375
1520275588,4143.9462890625,high_flow,4143.9462890625
1520275591,1499.1187744140625,mid_flow,1499.1187744140625
1520275592,4599.494140625,high_flow,4599.494140625
1520275594,7045.60986328125,high_flow,7045.60986328125
1520275600,2982.341796875,high_flow,2982.341796875
1520275617,2823.779541015625,mid_flow,2823.779541015625
1520275636,1493.9293212890625,mid_flow,1493.9293212890625
1520275643,4909.8037109375,high_flow,4909.8037109375
1520275644,4331.12451171875,high_flow,4331.12451171875
1520275647,2191.99658203125,mid_flow,2191.99658203125
1520275653,2982.341796875,high_flow,2982.341796875
1520275680,1492.8663330078125,mid_flow,1492.8663330078125
1520275692,3701.920166015625,high_flow,3701.920166015625
1520275719,2207.7333984375,mid_flow,2207.7333984375
1520275725,2949.53076171875,high_flow,2949.53076171875
1520275730,2983.860595703125,high_flow,2983.860595703125
1520275797,1423.516357421875,low_flow,1423.516357421875
1520275831,1486.61181640625,mid_flow,1486.61181640625
1520275843,1489.4857177734375,mid_flow,1489.4857177734375
1520275851,1474.16259765625,low_flow,1474.16259765625
1520275853,2108.77880859375,mid_flow,2108.77880859375
1520275870,1499.987548828125,mid_flow,1499.987548828125
1520275914,1224.9822998046875,low_flow,1224.9822998046875
1520276290,1967.7314453125,mid_flow,1967.7314453125
1520276301,2212.259765625,mid_flow,2212.259765625
1520276354,2915.17578125,high_flow,2915.17578125
1520276387,2603.9345703125,mid_flow,2603.9345703125
1520276404,3217.4609375,high_flow,3217.4609375
1520277020,1494.24267578125,mid_flow,1494.24267578125
1520277028,2061.62890625,mid_flow,2061.62890625
1520277066,1496.7130126953125,mid_flow,1496.7130126953125
1520277093,1483.552001953125,mid_flow,1483.552001953125
1520277145,3701.920166015625,high_flow,3701.920166015625
1520277153,3268.3076171875,high_flow,3268.3076171875
1520277180,3731.720947265625,high_flow,3731.720947265625
1520277203,1486.21923828125,mid_flow,1486.21923828125
1520277205,1486.786376953125,mid_flow,1486.786376953125
1520277232,1459.982177734375,low_flow,1459.982177734375
1520277242,4177.802734375,high_flow,4177.802734375
1520277273,1494.56005859375,mid_flow,1494.56005859375
1520277297,1396.31591796875,low_flow,1396.31591796875
1520277310,2112.44287109375,mid_flow,2112.44287109375
1520277719,1262.0079345703125,low_flow,1262.0079345703125
1520277757,2255.180908203125,mid_flow,2255.180908203125
1520277759,4247.02978515625,high_flow,4247.02978515625
1520277763,2276.765625,mid_flow,2276.765625
1520277764,1726.4415283203125,mid_flow,1726.4415283203125
1520277769,1876.377197265625,mid_flow,1876.377197265625
1520277794,2301.7529296875,mid_flow,2301.7529296875
1520277805,1780.391845703125,mid_flow,1780.391845703125
1520278398,1492.341552734375,mid_flow,1492.341552734375
1520278404,4165.8291015625,high_flow,4165.8291015625
1520278409,1494.70703125,mid_flow,1494.70703125
1520278441,2796.98583984375,mid_flow,2796.98583984375
1520278462,6736.70703125,high_flow,6736.70703125
1520278467,1397.0299072265625,low_flow,1397.0299072265625
1520278487,4162.8388671875,high_flow,4162.8388671875
1520278490,4331.12451171875,high_flow,4331.12451171875
1520278491,2954.44677734375,high_flow,2954.44677734375
1520278514,1458.2230224609375,low_flow,1458.2230224609375
1520278526,1470.91455078125,low_flow,1470.91455078125
1520278537,1494.8687744140625,mid_flow,1494.8687744140625
1520278541,6071.51416015625,high_flow,6071.51416015625
1520278542,1486.21923828125,mid_flow,1486.21923828125
1520278578,1197.1700439453125,low_flow,1197.1700439453125
1520278590,1243.7227783203125,low_flow,1243.7227783203125
1520278605,1496.7821044921875,mid_flow,1496.7821044921875
1520278608,1496.7821044921875,mid_flow,1496.7821044921875
1520278615,1496.7821044921875,mid_flow,1496.7821044921875
1520278646,2929.510498046875,high_flow,2929.510498046875
1520278657,1492.2579345703125,mid_flow,1492.2579345703125
1520278668,1485.4608154296875,mid_flow,1485.4608154296875
1520278669,1391.32373046875,low_flow,1391.32373046875
1520279058,4117.48486328125,high_flow,4117.48486328125
1520279112,3219.806884765625,high_flow,3219.806884765625
1520279114,1425.61572265625,low_flow,1425.61572265625
1520279115,2911.06640625,high_flow,2911.06640625
1520285117,1180.397216796875,low_flow,1180.397216796875
1520285153,1311.1087646484375,low_flow,1311.1087646484375
1520285157,2097.29443359375,mid_flow,2097.29443359375
1520285163,1499.162841796875,mid_flow,1499.162841796875
1520285184,1499.1881103515625,mid_flow,1499.1881103515625
1520285186,2701.1943359375,mid_flow,2701.1943359375
1520285189,2997.01123046875,high_flow,2997.01123046875
1520285190,1477.8330078125,low_flow,1477.8330078125
1520285192,2964.8837890625,high_flow,2964.8837890625
1520285209,1490.968017578125,mid_flow,1490.968017578125
1520285211,3744.87158203125,high_flow,3744.87158203125
1520285214,1491.04443359375,mid_flow,1491.04443359375
1520285244,3407.34619140625,high_flow,3407.34619140625
1520285253,1815.4324951171875,mid_flow,1815.4324951171875
1520285261,2996.339111328125,high_flow,2996.339111328125
1520285263,2645.048828125,mid_flow,2645.048828125
1520285265,2967.86083984375,high_flow,2967.86083984375
1520285267,2953.22802734375,high_flow,2953.22802734375
1520285268,2829.900634765625,mid_flow,2829.900634765625
1520285269,2958.986572265625,high_flow,2958.986572265625
1520285271,2958.986572265625,high_flow,2958.986572265625
1520285275,2820.6396484375,mid_flow,2820.6396484375
1520285277,2962.25732421875,high_flow,2962.25732421875
1520285278,1644.1590576171875,mid_flow,1644.1590576171875
1520285280,3036.408447265625,high_flow,3036.408447265625
1520285283,6113.07421875,high_flow,6113.07421875
1520285287,2457.081298828125,mid_flow,2457.081298828125
1520285288,3664.4150390625,high_flow,3664.4150390625
1520285292,2457.081298828125,mid_flow,2457.081298828125
1520285293,2137.01904296875,mid_flow,2137.01904296875
1520285294,3069.4697265625,high_flow,3069.4697265625
1520285296,5891.267578125,high_flow,5891.267578125
1520285297,5841.61865234375,high_flow,5841.61865234375
1520285301,2117.7314453125,mid_flow,2117.7314453125
1520285312,2936.433837890625,high_flow,2936.433837890625
1520285372,1284.3851318359375,low_flow,1284.3851318359375
1520285496,2531.974365234375,mid_flow,2531.974365234375
1520285511,1456.3453369140625,low_flow,1456.3453369140625
1520285515,1041.785400390625,low_flow,1041.785400390625
1520285517,577.125,low_flow,577.125
1520285584,4363.5205078125,high_flow,4363.5205078125
1520285604,399.64312744140625,low_flow,399.64312744140625
1520285607,1435.416015625,low_flow,1435.416015625
1520285657,1340.388427734375,low_flow,1340.388427734375
1520285667,1340.388427734375,low_flow,1340.388427734375
1520285676,2511.92431640625,mid_flow,2511.92431640625
1520285685,2511.92431640625,mid_flow,2511.92431640625
1520285696,1497.162353515625,mid_flow,1497.162353515625
1520285698,1461.95849609375,low_flow,1461.95849609375
1520285720,2169.743408203125,mid_flow,2169.743408203125
1520285742,1489.957763671875,mid_flow,1489.957763671875
1520285761,1665.044189453125,mid_flow,1665.044189453125
1520285769,1430.3988037109375,low_flow,1430.3988037109375
1520285771,1437.208251953125,low_flow,1437.208251953125
1520285776,1363.678955078125,low_flow,1363.678955078125
1520285788,1145.0244140625,low_flow,1145.0244140625
1520285789,583.2633056640625,low_flow,583.2633056640625
1520285798,1971.41650390625,mid_flow,1971.41650390625
1520285800,1498.38525390625,mid_flow,1498.38525390625
1520285802,3992.8046875,high_flow,3992.8046875
1520285803,3957.325927734375,high_flow,3957.325927734375
1520285804,1941.7384033203125,mid_flow,1941.7384033203125
1520285806,2633.95361328125,mid_flow,2633.95361328125
1520285809,1476.355712890625,low_flow,1476.355712890625
1520285810,2682.963623046875,mid_flow,2682.963623046875
1520285813,4446.1396484375,high_flow,4446.1396484375
1520285817,2101.9501953125,mid_flow,2101.9501953125
1520285820,4246.1669921875,high_flow,4246.1669921875
1520285821,3774.5810546875,high_flow,3774.5810546875
1520285822,4117.63623046875,high_flow,4117.63623046875
1520285826,889.8644409179688,low_flow,889.8644409179688
1520285827,1499.8104248046875,mid_flow,1499.8104248046875
1520285831,889.8644409179688,low_flow,889.8644409179688
1520285833,889.8644409179688,low_flow,889.8644409179688
1520285835,1301.298828125,low_flow,1301.298828125
1520285840,2186.284423828125,mid_flow,2186.284423828125
1520285841,1976.310546875,mid_flow,1976.310546875
1520285843,1947.2396240234375,mid_flow,1947.2396240234375
1520285847,5658.580078125,high_flow,5658.580078125
1520285848,1329.4072265625,low_flow,1329.4072265625
1520285851,1424.9677734375,low_flow,1424.9677734375
1520285852,5251.76025390625,high_flow,5251.76025390625
1520285857,2845.615234375,mid_flow,2845.615234375
1520285863,3596.897216796875,high_flow,3596.897216796875
1520285866,2971.54248046875,high_flow,2971.54248046875
1520285868,6761.771484375,high_flow,6761.771484375
1520285869,1494.03759765625,mid_flow,1494.03759765625
1520285870,1493.18798828125,mid_flow,1493.18798828125
1520285871,7214.50244140625,high_flow,7214.50244140625
1520285897,2956.000244140625,high_flow,2956.000244140625
1520285901,2981.481689453125,high_flow,2981.481689453125
1520285902,1976.5594482421875,mid_flow,1976.5594482421875
1520285907,2561.994140625,mid_flow,2561.994140625
1520285908,3202.49267578125,high_flow,3202.49267578125
1520285909,2821.3251953125,mid_flow,2821.3251953125
1520285910,5211.37451171875,high_flow,5211.37451171875
1520285914,1368.7686767578125,low_flow,1368.7686767578125
1520285915,1478.0001220703125,mid_flow,1478.0001220703125
1520285916,1476.6744384765625,low_flow,1476.6744384765625
1520285929,2033.041748046875,mid_flow,2033.041748046875
1520285930,1497.9266357421875,mid_flow,1497.9266357421875
1520285932,2987.793701171875,high_flow,2987.793701171875
1520285943,2223.150390625,mid_flow,2223.150390625
1520285947,2121.3515625,mid_flow,2121.3515625
1520285948,1498.33349609375,mid_flow,1498.33349609375
1520285950,4481.42578125,high_flow,4481.42578125
1520285951,1457.38330078125,low_flow,1457.38330078125
1520285952,3712.12451171875,high_flow,3712.12451171875
1520285953,4271.697265625,high_flow,4271.697265625
1520285964,3725.060546875,high_flow,3725.060546875
1520285966,1418.1756591796875,low_flow,1418.1756591796875
1520285967,1494.9239501953125,mid_flow,1494.9239501953125
1520285968,3675.524169921875,high_flow,3675.524169921875
1520285972,2238.4189453125,mid_flow,2238.4189453125
1520285992,5261.708984375,high_flow,5261.708984375
1520286018,2475.8916015625,mid_flow,2475.8916015625
1520286023,1481.1395263671875,mid_flow,1481.1395263671875
1520286031,2695.076171875,mid_flow,2695.076171875
1520286033,2737.822509765625,mid_flow,2737.822509765625
1520286052,2877.574462890625,high_flow,2877.574462890625
1520286053,4416.2451171875,high_flow,4416.2451171875
1520286060,2946.4189453125,high_flow,2946.4189453125
1520286062,1432.0137939453125,low_flow,1432.0137939453125
1520286064,1405.182861328125,low_flow,1405.182861328125
1520286065,2996.9892578125,high_flow,2996.9892578125
1520286081,2939.92138671875,high_flow,2939.92138671875
1520286088,2998.95556640625,high_flow,2998.95556640625
1520286090,1374.08447265625,low_flow,1374.08447265625
1520286091,1432.0137939453125,low_flow,1432.0137939453125
1520286096,1487.7557373046875,mid_flow,1487.7557373046875
1520286098,1384.885986328125,low_flow,1384.885986328125
1520286101,1493.6461181640625,mid_flow,1493.6461181640625
1520286105,1469.657958984375,low_flow,1469.657958984375
1520286106,1412.343017578125,low_flow,1412.343017578125
1520286108,2877.201904296875,high_flow,2877.201904296875
1520286111,3663.25732421875,high_flow,3663.25732421875
1520286119,2179.94189453125,mid_flow,2179.94189453125
1520286122,2681.743896484375,mid_flow,2681.743896484375
1520286123,3018.399658203125,high_flow,3018.399658203125
1520286258,1389.4320068359375,low_flow,1389.4320068359375
1520286272,5127.55078125,high_flow,5127.55078125
1520286487,3194.14111328125,high_flow,3194.14111328125
1520286488,3960.9619140625,high_flow,3960.9619140625
1520286489,1329.4072265625,low_flow,1329.4072265625
1520286493,2175.1767578125,mid_flow,2175.1767578125
1520286501,2404.361572265625,mid_flow,2404.361572265625
1520286682,1624.3017578125,mid_flow,1624.3017578125
1520286683,1124.294677734375,low_flow,1124.294677734375
1520286687,1478.945556640625,mid_flow,1478.945556640625
1520286695,1448.261962890625,low_flow,1448.261962890625
1520286699,1497.92041015625,mid_flow,1497.92041015625
1520286707,1311.1087646484375,low_flow,1311.1087646484375
1520286709,1311.1087646484375,low_flow,1311.1087646484375
1520286714,1472.0303955078125,low_flow,1472.0303955078125
1520286716,1383.2333984375,low_flow,1383.2333984375
1520286734,4258.015625,high_flow,4258.015625
1520286750,1499.8292236328125,mid_flow,1499.8292236328125
1520286757,1491.2957763671875,mid_flow,1491.2957763671875
1520286762,2701.1943359375,mid_flow,2701.1943359375
1520286765,1478.5050048828125,mid_flow,1478.5050048828125
1520286766,1484.08154296875,mid_flow,1484.08154296875
1520286767,1498.2734375,mid_flow,1498.2734375
1520286775,1465.7142333984375,low_flow,1465.7142333984375
1520286793,2960.44482421875,high_flow,2960.44482421875
1520286794,1365.4732666015625,low_flow,1365.4732666015625
1520286806,3144.9677734375,high_flow,3144.9677734375
1520286807,1493.8701171875,mid_flow,1493.8701171875
1520286811,3638.770751953125,high_flow,3638.770751953125
1520286832,2817.616455078125,mid_flow,2817.616455078125
1520286834,4405.04296875,high_flow,4405.04296875
1520286835,2986.6943359375,high_flow,2986.6943359375
1520286837,2953.22802734375,high_flow,2953.22802734375
1520286839,2833.923583984375,mid_flow,2833.923583984375
1520286845,1499.967041015625,mid_flow,1499.967041015625
1520286848,2958.986572265625,high_flow,2958.986572265625
1520286851,2416.965576171875,mid_flow,2416.965576171875
1520286854,3887.250244140625,high_flow,3887.250244140625
1520286856,1992.0169677734375,mid_flow,1992.0169677734375
1520286861,1499.920654296875,mid_flow,1499.920654296875
1520286863,3300.573974609375,high_flow,3300.573974609375
1520286871,5960.4873046875,high_flow,5960.4873046875
1520286874,3685.71630859375,high_flow,3685.71630859375
1520286877,2999.926513671875,high_flow,2999.926513671875
1520286878,1488.523681640625,mid_flow,1488.523681640625
1520286880,1347.519287109375,low_flow,1347.519287109375
1520286881,1347.519287109375,low_flow,1347.519287109375
1520286890,1383.33251953125,low_flow,1383.33251953125
1520286910,2898.109375,high_flow,2898.109375
1520286913,1375.2354736328125,low_flow,1375.2354736328125
1520286918,1499.3905029296875,mid_flow,1499.3905029296875
1520286988,1409.2119140625,low_flow,1409.2119140625
1520287018,2596.327392578125,mid_flow,2596.327392578125
1520287110,867.2813720703125,low_flow,867.2813720703125
1520287140,2941.2841796875,high_flow,2941.2841796875
1520287180,577.125,low_flow,577.125
1520287195,2545.8427734375,mid_flow,2545.8427734375
1520287199,2357.967041015625,mid_flow,2357.967041015625
1520287221,906.6795043945312,low_flow,906.6795043945312
1520287243,386.1523132324219,low_flow,386.1523132324219
1520287244,1673.187744140625,mid_flow,1673.187744140625
1520287256,2987.910888671875,high_flow,2987.910888671875
1520287279,863.2703857421875,low_flow,863.2703857421875
1520287307,1442.6815185546875,low_flow,1442.6815185546875
1520287310,1424.5677490234375,low_flow,1424.5677490234375
1520287325,1444.833740234375,low_flow,1444.833740234375
1520287327,1424.5677490234375,low_flow,1424.5677490234375
1520287328,2404.361572265625,mid_flow,2404.361572265625
1520287329,1424.5677490234375,low_flow,1424.5677490234375
1520287345,2059.81298828125,mid_flow,2059.81298828125
1520287352,1455.52197265625,low_flow,1455.52197265625
1520287356,2997.81005859375,high_flow,2997.81005859375
1520287357,2404.361572265625,mid_flow,2404.361572265625
1520287358,2816.585205078125,mid_flow,2816.585205078125
1520287391,3427.220703125,high_flow,3427.220703125
1520287392,4483.8291015625,high_flow,4483.8291015625
1520287398,2048.08251953125,mid_flow,2048.08251953125
1520287399,2966.22509765625,high_flow,2966.22509765625
1520287400,1488.7288818359375,mid_flow,1488.7288818359375
1520287401,597.18408203125,low_flow,597.18408203125
1520287411,1484.008544921875,mid_flow,1484.008544921875
1520287417,701.1384887695312,low_flow,701.1384887695312
1520287419,1499.3870849609375,mid_flow,1499.3870849609375
1520287420,2946.405517578125,high_flow,2946.405517578125
1520287421,1444.0177001953125,low_flow,1444.0177001953125
1520287422,1491.599609375,mid_flow,1491.599609375
1520287423,1971.41650390625,mid_flow,1971.41650390625
1520287425,1453.6170654296875,low_flow,1453.6170654296875
1520287428,3398.179931640625,high_flow,3398.179931640625
1520287429,2918.49658203125,high_flow,2918.49658203125
1520287432,2673.0224609375,mid_flow,2673.0224609375
1520287433,2195.64990234375,mid_flow,2195.64990234375
1520287434,3869.700439453125,high_flow,3869.700439453125
1520287435,2932.584228515625,high_flow,2932.584228515625
1520287437,1494.4384765625,mid_flow,1494.4384765625
1520287438,2017.2978515625,mid_flow,2017.2978515625
1520287441,4329.08837890625,high_flow,4329.08837890625
1520287442,4329.34375,high_flow,4329.34375
1520287444,2854.16943359375,mid_flow,2854.16943359375
1520287445,2155.86962890625,mid_flow,2155.86962890625
1520287446,3585.014892578125,high_flow,3585.014892578125
1520287449,3452.962158203125,high_flow,3452.962158203125
1520287450,2232.755126953125,mid_flow,2232.755126953125
1520287454,1363.1337890625,low_flow,1363.1337890625
1520287457,2617.725830078125,mid_flow,2617.725830078125
1520287459,2073.526611328125,mid_flow,2073.526611328125
1520287461,1318.30078125,low_flow,1318.30078125
1520287462,3612.150390625,high_flow,3612.150390625
1520287464,2584.6640625,mid_flow,2584.6640625
1520287466,1336.8477783203125,low_flow,1336.8477783203125
1520287473,1475.399169921875,low_flow,1475.399169921875
1520287475,2999.673583984375,high_flow,2999.673583984375
1520287479,1498.5921630859375,mid_flow,1498.5921630859375
1520287483,5404.681640625,high_flow,5404.681640625
1520287485,2552.823486328125,mid_flow,2552.823486328125
1520287488,4056.92822265625,high_flow,4056.92822265625
1520287489,1359.947021484375,low_flow,1359.947021484375
1520287492,2532.0087890625,mid_flow,2532.0087890625
1520287498,1283.4000244140625,low_flow,1283.4000244140625
1520287500,5206.390625,high_flow,5206.390625
1520287501,2244.712890625,mid_flow,2244.712890625
1520287503,6484.02001953125,high_flow,6484.02001953125
1520287504,7121.126953125,high_flow,7121.126953125
1520287508,1494.03759765625,mid_flow,1494.03759765625
1520287513,2845.615234375,mid_flow,2845.615234375
1520287518,2978.10595703125,high_flow,2978.10595703125
1520287526,3656.9306640625,high_flow,3656.9306640625
1520287531,2315.709716796875,mid_flow,2315.709716796875
1520287533,3982.28955078125,high_flow,3982.28955078125
1520287535,3746.452880859375,high_flow,3746.452880859375
1520287540,3532.27099609375,high_flow,3532.27099609375
1520287541,2742.669677734375,mid_flow,2742.669677734375
1520287543,2555.31298828125,mid_flow,2555.31298828125
1520287551,2845.615234375,mid_flow,2845.615234375
1520287553,2834.82568359375,mid_flow,2834.82568359375
1520287555,2958.458740234375,high_flow,2958.458740234375
1520287558,2182.692138671875,mid_flow,2182.692138671875
1520287574,4253.60107421875,high_flow,4253.60107421875
1520287575,2260.444580078125,mid_flow,2260.444580078125
1520287576,2235.7861328125,mid_flow,2235.7861328125
1520287577,1498.6697998046875,mid_flow,1498.6697998046875
1520287578,2174.5244140625,mid_flow,2174.5244140625
1520287581,1389.4320068359375,low_flow,1389.4320068359375
1520287585,3740.46826171875,high_flow,3740.46826171875
1520287595,1451.6527099609375,low_flow,1451.6527099609375
1520287602,2989.1953125,high_flow,2989.1953125
1520287604,4488.5537109375,high_flow,4488.5537109375
1520287606,5220.06591796875,high_flow,5220.06591796875
1520287607,2886.6806640625,high_flow,2886.6806640625
1520287613,2924.267333984375,high_flow,2924.267333984375
1520287633,2693.081298828125,mid_flow,2693.081298828125
1520287644,2475.8916015625,mid_flow,2475.8916015625
1520287648,1485.7464599609375,mid_flow,1485.7464599609375
1520287651,1499.72998046875,mid_flow,1499.72998046875
1520287666,4416.2451171875,high_flow,4416.2451171875
1520287668,1432.0137939453125,low_flow,1432.0137939453125
1520287680,2699.4423828125,mid_flow,2699.4423828125
1520287685,2235.196533203125,mid_flow,2235.196533203125
1520287686,2740.064697265625,mid_flow,2740.064697265625
1520287687,2574.494140625,mid_flow,2574.494140625
1520287688,1485.7464599609375,mid_flow,1485.7464599609375
1520287699,2788.657958984375,mid_flow,2788.657958984375
1520287700,2693.081298828125,mid_flow,2693.081298828125
1520287714,1449.22607421875,low_flow,1449.22607421875
1520287715,1384.885986328125,low_flow,1384.885986328125
1520287719,1220.7449951171875,low_flow,1220.7449951171875
1520287720,1194.5289306640625,low_flow,1194.5289306640625
1520287724,1210.245361328125,low_flow,1210.245361328125
1520287729,1274.9241943359375,low_flow,1274.9241943359375
1520287730,3355.07275390625,high_flow,3355.07275390625
1520287735,386.3155822753906,low_flow,386.3155822753906
1520287740,1395.1092529296875,low_flow,1395.1092529296875
1520287741,2492.8701171875,mid_flow,2492.8701171875
1520287875,2247.316650390625,mid_flow,2247.316650390625
1520287881,2239.538330078125,mid_flow,2239.538330078125
1520287883,1498.33349609375,mid_flow,1498.33349609375
1520288102,1488.7288818359375,mid_flow,1488.7288818359375
1520288106,4294.6640625,high_flow,4294.6640625
1520288109,1433.469482421875,low_flow,1433.469482421875
1520288117,2457.997314453125,mid_flow,2457.997314453125
1520288280,1221.430419921875,low_flow,1221.430419921875
1520288282,1232.6630859375,low_flow,1232.6630859375
1520288283,1363.673095703125,low_flow,1363.673095703125
1520288286,1494.6832275390625,mid_flow,1494.6832275390625
1520288306,1497.92041015625,mid_flow,1497.92041015625
1520288318,1283.643310546875,low_flow,1283.643310546875
1520288322,1311.1087646484375,low_flow,1311.1087646484375
1520288328,1348.98681640625,low_flow,1348.98681640625
1520288334,1455.259765625,low_flow,1455.259765625
1520288339,1440.4423828125,low_flow,1440.4423828125
1520288342,5072.08056640625,high_flow,5072.08056640625
1520288351,3742.0732421875,high_flow,3742.0732421875
1520288355,1468.5023193359375,low_flow,1468.5023193359375
1520288361,1497.947265625,mid_flow,1497.947265625
1520288367,1487.163818359375,mid_flow,1487.163818359375
1520288372,1491.2957763671875,mid_flow,1491.2957763671875
1520288382,1466.643310546875,low_flow,1466.643310546875
1520288388,2701.1943359375,mid_flow,2701.1943359375
1520288391,4317.75634765625,high_flow,4317.75634765625
1520288407,1451.552978515625,low_flow,1451.552978515625
1520288408,1496.148193359375,mid_flow,1496.148193359375
1520288409,1439.793701171875,low_flow,1439.793701171875
1520288412,2999.85791015625,high_flow,2999.85791015625
1520288416,2142.91064453125,mid_flow,2142.91064453125
1520288417,1835.024658203125,mid_flow,1835.024658203125
1520288422,1644.1590576171875,mid_flow,1644.1590576171875
1520288424,1493.8701171875,mid_flow,1493.8701171875
1520288442,2835.18896484375,mid_flow,2835.18896484375
1520288444,4363.85205078125,high_flow,4363.85205078125
1520288447,7586.947265625,high_flow,7586.947265625
1520288450,2949.696533203125,high_flow,2949.696533203125
1520288451,2949.696533203125,high_flow,2949.696533203125
1520288453,2958.986572265625,high_flow,2958.986572265625
1520288454,3194.1298828125,high_flow,3194.1298828125
1520288457,3170.33251953125,high_flow,3170.33251953125
1520288461,5688.19921875,high_flow,5688.19921875
1520288466,2416.965576171875,mid_flow,2416.965576171875
1520288468,1972.8857421875,mid_flow,1972.8857421875
1520288474,1953.754638671875,mid_flow,1953.754638671875
1520288475,1474.419921875,low_flow,1474.419921875
1520288488,4381.080078125,high_flow,4381.080078125
1520288489,2934.798828125,high_flow,2934.798828125
1520288491,2204.37060546875,mid_flow,2204.37060546875
1520288495,1829.96728515625,mid_flow,1829.96728515625
1520288499,1383.33251953125,low_flow,1383.33251953125
1520288506,1750.659423828125,mid_flow,1750.659423828125
1520288534,1375.2354736328125,low_flow,1375.2354736328125
1520288535,1829.96728515625,mid_flow,1829.96728515625
1520288605,2251.582275390625,mid_flow,2251.582275390625
1520288732,867.2813720703125,low_flow,867.2813720703125
1520288758,577.125,low_flow,577.125
1520288831,852.8621826171875,low_flow,852.8621826171875
1520288832,3903.67578125,high_flow,3903.67578125
1520288862,1884.076416015625,mid_flow,1884.076416015625
1520288868,1483.830810546875,mid_flow,1483.830810546875
1520288918,1526.6531982421875,mid_flow,1526.6531982421875
1520288924,2069.912109375,mid_flow,2069.912109375
1520288939,2997.81005859375,high_flow,2997.81005859375
1520288942,1141.729248046875,low_flow,1141.729248046875
1520288946,1373.208740234375,low_flow,1373.208740234375
1520288953,2558.019775390625,mid_flow,2558.019775390625
1520288959,1494.40380859375,mid_flow,1494.40380859375
1520288961,2230.68798828125,mid_flow,2230.68798828125
1520288963,1397.3575439453125,low_flow,1397.3575439453125
1520288965,2705.3154296875,mid_flow,2705.3154296875
1520288971,1377.390380859375,low_flow,1377.390380859375
1520288972,1131.6746826171875,low_flow,1131.6746826171875
1520288986,1499.994873046875,mid_flow,1499.994873046875
1520288987,1444.0177001953125,low_flow,1444.0177001953125
1520288991,1337.245361328125,low_flow,1337.245361328125
1520288993,2787.103515625,mid_flow,2787.103515625
1520288999,1363.678955078125,low_flow,1363.678955078125
1520289010,2001.229736328125,mid_flow,2001.229736328125
1520289012,2946.405517578125,high_flow,2946.405517578125
1520289014,1971.41650390625,mid_flow,1971.41650390625
1520289016,1327.191650390625,low_flow,1327.191650390625
1520289021,4330.14306640625,high_flow,4330.14306640625
1520289026,4948.0810546875,high_flow,4948.0810546875
1520289027,2995.740234375,high_flow,2995.740234375
1520289029,2950.294189453125,high_flow,2950.294189453125
1520289031,4115.84033203125,high_flow,4115.84033203125
1520289033,1472.1619873046875,low_flow,1472.1619873046875
1520289034,760.4306640625,low_flow,760.4306640625
1520289035,2693.650146484375,mid_flow,2693.650146484375
1520289036,2854.15283203125,mid_flow,2854.15283203125
1520289037,2854.135986328125,mid_flow,2854.135986328125
1520289038,2950.294189453125,high_flow,2950.294189453125
1520289040,2196.327880859375,mid_flow,2196.327880859375
1520289042,2062.268310546875,mid_flow,2062.268310546875
1520289043,987.72607421875,low_flow,987.72607421875
1520289045,4238.85888671875,high_flow,4238.85888671875
1520289050,4335.92431640625,high_flow,4335.92431640625
1520289052,1457.6103515625,low_flow,1457.6103515625
1520289072,2902.422119140625,high_flow,2902.422119140625
1520289073,2972.24072265625,high_flow,2972.24072265625
1520289079,3138.99267578125,high_flow,3138.99267578125
1520289080,4420.26611328125,high_flow,4420.26611328125
1520289093,1307.732421875,low_flow,1307.732421875
1520289095,1476.6744384765625,low_flow,1476.6744384765625
1520289101,664.2164306640625,low_flow,664.2164306640625
1520289102,4456.013671875,high_flow,4456.013671875
1520289103,3966.0361328125,high_flow,3966.0361328125
1520289104,1782.3792724609375,mid_flow,1782.3792724609375
1520289106,3318.57470703125,high_flow,3318.57470703125
1520289109,4477.1923828125,high_flow,4477.1923828125
1520289113,1449.65771484375,low_flow,1449.65771484375
1520289114,2664.01416015625,mid_flow,2664.01416015625
1520289115,3722.677001953125,high_flow,3722.677001953125
1520289116,1493.12890625,mid_flow,1493.12890625
1520289122,2949.57958984375,high_flow,2949.57958984375
1520289131,2845.615234375,mid_flow,2845.615234375
1520289147,5240.576171875,high_flow,5240.576171875
1520289148,1540.841064453125,mid_flow,1540.841064453125
1520289160,5231.546875,high_flow,5231.546875
1520289162,1984.8565673828125,mid_flow,1984.8565673828125
1520289163,2730.77392578125,mid_flow,2730.77392578125
1520289164,2936.5751953125,high_flow,2936.5751953125
1520289165,2182.642333984375,mid_flow,2182.642333984375
1520289166,1497.2469482421875,mid_flow,1497.2469482421875
1520289167,2159.08740234375,mid_flow,2159.08740234375
1520289168,2850.0390625,mid_flow,2850.0390625
1520289170,1497.9266357421875,mid_flow,1497.9266357421875
1520289184,1488.2054443359375,mid_flow,1488.2054443359375
1520289185,1932.87060546875,mid_flow,1932.87060546875
1520289187,1490.72265625,mid_flow,1490.72265625
1520289188,2246.001953125,mid_flow,2246.001953125
1520289190,1498.6697998046875,mid_flow,1498.6697998046875
1520289191,4147.1416015625,high_flow,4147.1416015625
1520289192,2970.56201171875,high_flow,2970.56201171875
1520289197,2238.371826171875,mid_flow,2238.371826171875
1520289200,3558.326904296875,high_flow,3558.326904296875
1520289210,3928.988525390625,high_flow,3928.988525390625
1520289224,1498.6697998046875,mid_flow,1498.6697998046875
1520289225,4500.0,high_flow,4500.0
1520289242,3669.05810546875,high_flow,3669.05810546875
1520289244,1432.0137939453125,low_flow,1432.0137939453125
1520289253,2987.793701171875,high_flow,2987.793701171875
1520289257,2946.4189453125,high_flow,2946.4189453125
1520289262,2946.4189453125,high_flow,2946.4189453125
1520289285,5201.359375,high_flow,5201.359375
1520289288,1374.08447265625,low_flow,1374.08447265625
1520289297,4481.43994140625,high_flow,4481.43994140625
1520289300,1384.885986328125,low_flow,1384.885986328125
1520289308,2961.10986328125,high_flow,2961.10986328125
1520289314,4076.85302734375,high_flow,4076.85302734375
1520289316,2753.40234375,mid_flow,2753.40234375
1520289685,1485.91015625,mid_flow,1485.91015625
1520289686,1440.4041748046875,low_flow,1440.4041748046875
1520289688,1457.6103515625,low_flow,1457.6103515625
1520289690,1304.3736572265625,low_flow,1304.3736572265625
1520289891,0.0,low_flow,0.0
1520289893,982.4801025390625,low_flow,982.4801025390625
1520289894,2945.325439453125,high_flow,2945.325439453125
1520289903,1214.26416015625,low_flow,1214.26416015625
1520289905,1334.228515625,low_flow,1334.228515625
1520289906,1440.78271484375,low_flow,1440.78271484375
1520289913,1497.92041015625,mid_flow,1497.92041015625
1520289925,2147.249755859375,mid_flow,2147.249755859375
1520289927,2689.523193359375,mid_flow,2689.523193359375
1520289929,1385.70947265625,low_flow,1385.70947265625
1520289960,2997.01123046875,high_flow,2997.01123046875
1520289966,1466.643310546875,low_flow,1466.643310546875
1520289968,1465.7142333984375,low_flow,1465.7142333984375
1520289969,2997.01123046875,high_flow,2997.01123046875
1520289997,1365.4732666015625,low_flow,1365.4732666015625
1520289998,1385.164794921875,low_flow,1385.164794921875
1520290005,1644.1590576171875,mid_flow,1644.1590576171875
1520290023,4019.657470703125,high_flow,4019.657470703125
1520290026,3437.571044921875,high_flow,3437.571044921875
1520290027,2820.69384765625,mid_flow,2820.69384765625
1520290033,4395.22021484375,high_flow,4395.22021484375
1520290036,4439.80322265625,high_flow,4439.80322265625
1520290037,4635.4892578125,high_flow,4635.4892578125
1520290038,2833.923583984375,mid_flow,2833.923583984375
1520290039,2893.052001953125,high_flow,2893.052001953125
1520290043,6157.9248046875,high_flow,6157.9248046875
1520290044,2949.696533203125,high_flow,2949.696533203125
1520290045,1499.947509765625,mid_flow,1499.947509765625
1520290054,2682.292724609375,mid_flow,2682.292724609375
1520290056,2477.13720703125,mid_flow,2477.13720703125
1520290057,1992.0169677734375,mid_flow,1992.0169677734375
1520290058,2549.629150390625,mid_flow,2549.629150390625
1520290066,2457.081298828125,mid_flow,2457.081298828125
1520290068,1488.2293701171875,mid_flow,1488.2293701171875
1520290083,5881.83251953125,high_flow,5881.83251953125
1520290086,3415.83251953125,high_flow,3415.83251953125
1520290096,2936.433837890625,high_flow,2936.433837890625
1520290126,4853.056640625,high_flow,4853.056640625
1520290164,1304.2718505859375,low_flow,1304.2718505859375
1520290199,1409.2119140625,low_flow,1409.2119140625
1520290203,1409.2119140625,low_flow,1409.2119140625
1520290306,577.125,low_flow,577.125
1520290335,2646.08642578125,mid_flow,2646.08642578125
1520290349,1456.3453369140625,low_flow,1456.3453369140625
1520290377,2145.023193359375,mid_flow,2145.023193359375
1520290387,1653.021240234375,mid_flow,1653.021240234375
1520290390,2715.86328125,mid_flow,2715.86328125
1520290440,386.1523132324219,low_flow,386.1523132324219
1520290448,2001.33154296875,mid_flow,2001.33154296875
1520290467,2056.5556640625,mid_flow,2056.5556640625
1520290472,1446.99072265625,low_flow,1446.99072265625
1520290485,1874.8271484375,mid_flow,1874.8271484375
1520290499,1416.189208984375,low_flow,1416.189208984375
1520290512,1350.7984619140625,low_flow,1350.7984619140625
1520290516,1467.9788818359375,low_flow,1467.9788818359375
1520290528,2949.499267578125,high_flow,2949.499267578125
1520290535,1493.5958251953125,mid_flow,1493.5958251953125
1520290545,1461.95849609375,low_flow,1461.95849609375
1520290553,1486.476318359375,mid_flow,1486.476318359375
1520290559,1461.95849609375,low_flow,1461.95849609375
1520290561,1486.476318359375,mid_flow,1486.476318359375
1520290563,1461.95849609375,low_flow,1461.95849609375
1520290576,2168.068359375,mid_flow,2168.068359375
1520290577,1484.777587890625,mid_flow,1484.777587890625
1520290590,2127.635009765625,mid_flow,2127.635009765625
1520290593,1121.6201171875,low_flow,1121.6201171875
1520290604,1488.9466552734375,mid_flow,1488.9466552734375
1520290612,1308.18505859375,low_flow,1308.18505859375
1520290613,1367.6405029296875,low_flow,1367.6405029296875
1520290624,1432.0137939453125,low_flow,1432.0137939453125
1520290625,923.0814208984375,low_flow,923.0814208984375
1520290626,1255.84912109375,low_flow,1255.84912109375
1520290629,1477.8984375,mid_flow,1477.8984375
1520290632,1460.0345458984375,low_flow,1460.0345458984375
1520290635,1954.1619873046875,mid_flow,1954.1619873046875
1520290637,2673.0224609375,mid_flow,2673.0224609375
1520290640,4145.0546875,high_flow,4145.0546875
1520290650,3987.66650390625,high_flow,3987.66650390625
1520290651,1346.4351806640625,low_flow,1346.4351806640625
1520290654,5520.14794921875,high_flow,5520.14794921875
1520290655,1385.931640625,low_flow,1385.931640625
1520290656,5800.01171875,high_flow,5800.01171875
1520290664,1494.03759765625,mid_flow,1494.03759765625
1520290667,889.8644409179688,low_flow,889.8644409179688
1520290670,1330.6317138671875,low_flow,1330.6317138671875
1520290671,1494.03759765625,mid_flow,1494.03759765625
1520290673,1529.3272705078125,mid_flow,1529.3272705078125
1520290678,2950.294189453125,high_flow,2950.294189453125
1520290679,2919.32177734375,high_flow,2919.32177734375
1520290690,6010.68359375,high_flow,6010.68359375
1520290694,3415.228271484375,high_flow,3415.228271484375
1520290702,1493.18798828125,mid_flow,1493.18798828125
1520290704,2874.87939453125,high_flow,2874.87939453125
1520290712,2902.422119140625,high_flow,2902.422119140625
1520290718,1398.9678955078125,low_flow,1398.9678955078125
1520290720,1741.3349609375,mid_flow,1741.3349609375
1520290724,3569.7861328125,high_flow,3569.7861328125
1520290726,4420.1533203125,high_flow,4420.1533203125
1520290727,4606.8740234375,high_flow,4606.8740234375
1520290728,4666.109375,high_flow,4666.109375
1520290729,3882.8212890625,high_flow,3882.8212890625
1520290731,2664.01416015625,mid_flow,2664.01416015625
1520290733,2555.31298828125,mid_flow,2555.31298828125
1520290735,3921.336669921875,high_flow,3921.336669921875
1520290740,2711.19287109375,mid_flow,2711.19287109375
1520290743,2711.19287109375,mid_flow,2711.19287109375
1520290744,1495.52783203125,mid_flow,1495.52783203125
1520290751,2711.19287109375,mid_flow,2711.19287109375
1520290764,3694.459228515625,high_flow,3694.459228515625
1520290765,2226.07177734375,mid_flow,2226.07177734375
1520290776,2845.615234375,mid_flow,2845.615234375
1520290780,1496.9833984375,mid_flow,1496.9833984375
1520290784,1497.4857177734375,mid_flow,1497.4857177734375
1520290786,4379.185546875,high_flow,4379.185546875
1520290788,3701.77734375,high_flow,3701.77734375
1520290790,1398.8455810546875,low_flow,1398.8455810546875
1520290791,2927.13671875,high_flow,2927.13671875
1520290792,2998.976806640625,high_flow,2998.976806640625
1520290793,2875.9912109375,high_flow,2875.9912109375
1520290794,2981.79541015625,high_flow,2981.79541015625
1520290795,2246.5927734375,mid_flow,2246.5927734375
1520290796,2861.854736328125,mid_flow,2861.854736328125
1520290798,1451.6527099609375,low_flow,1451.6527099609375
1520290809,1497.4857177734375,mid_flow,1497.4857177734375
1520290814,568.0021362304688,low_flow,568.0021362304688
1520290815,1933.958984375,mid_flow,1933.958984375
1520290817,4441.7060546875,high_flow,4441.7060546875
1520290818,2192.538818359375,mid_flow,2192.538818359375
1520290821,4297.96484375,high_flow,4297.96484375
1520290823,2886.6806640625,high_flow,2886.6806640625
1520290836,3720.331787109375,high_flow,3720.331787109375
1520290842,3820.142333984375,high_flow,3820.142333984375
1520290853,2341.46728515625,mid_flow,2341.46728515625
1520290856,1405.182861328125,low_flow,1405.182861328125
1520290867,2987.793701171875,high_flow,2987.793701171875
1520290873,1374.08447265625,low_flow,1374.08447265625
1520290888,1463.572021484375,low_flow,1463.572021484375
1520290890,2693.081298828125,mid_flow,2693.081298828125
1520290900,2740.064697265625,mid_flow,2740.064697265625
1520290903,2221.709228515625,mid_flow,2221.709228515625
1520290904,1374.08447265625,low_flow,1374.08447265625
